{
  "EnsureRedFarmer"     :"EnsureEntity[red_Castle:red_famer:12]",
  "RedFarmerGoToGold"   :"Filter[StandOnResource[gold]:red_famer]",
  "RedFarmerGoToWood"   :"Filter[StandOnResource[wood]:red_famer]",
  "RedFarmerEvade"      :"Filter[RunAway[0.8]:red_famer]",

  "EnsureRedFactory"    :"EnsureEntity[red_famer:red_Factory:1]",
  "EnsureRedArcher"     :"EnsureEntity[red_Factory:red_archer:3]",
  "RedArcherAttack"     :"Filter[AttackMelee:red_archer]",
  "RedArcherChase"      :"Filter[RunTowards[0.0]:red_archer]",
  "RedArcherUpgrade"    :"Filter[UpgradeSelf:red_archer]",
  "RedArcher2Attack"    :"Filter[AttackMelee:red_archer_2]",
  "RedArcher2Chase"     :"Filter[RunTowards[0.0]:red_archer_2]",

  "EnsureRedBarrack"    :"EnsureEntity[red_famer:red_Barrack:1]",
  "EnsureRedSolider"    :"EnsureEntity[red_Barrack:red_solider:3]",
  "RedSoliderAttack"    :"Filter[AttackMelee:red_solider]",
  "RedSoliderChase"     :"Filter[RunTowards[0.0]:red_solider]",
  "RedSoliderUpgrade"   :"Filter[UpgradeSelf:red_solider]",
  "RedSolider2Attack"    :"Filter[AttackMelee:red_solider_2]",
  "RedSolider2Chase"     :"Filter[RunTowards[0.0]:red_solider_2]",

  "EnsureRedCavalryCamp":"EnsureEntity[red_famer:red_CavalryCamp:1]",
  "EnsureRedCavalry"    :"EnsureEntity[red_CavalryCamp:red_cavalry:3]",
  "RedCavalryAttack"    :"Filter[AttackMelee:red_cavalry]",
  "RedCavalryChase"     :"Filter[RunTowards[0.0]:red_cavalry]",
  "RedCavalryUpgrade"   :"Filter[UpgradeSelf:red_cavalry]",
  "RedCavalry2Attack"    :"Filter[AttackMelee:red_cavalry_2]",
  "RedCavalry2Chase"     :"Filter[RunTowards[0.0]:red_cavalry_2]",







  "EnsureBlueFarmer"     :"EnsureEntity[blue_Castle:blue_famer:12]",
  "BlueFarmerGoToGold"   :"Filter[StandOnResource[gold]:blue_famer]",
  "BlueFarmerGoToWood"   :"Filter[StandOnResource[wood]:blue_famer]",
  "BlueFarmerEvade"     :"Filter[RunAway[.5]:blue_famer]",

  "EnsureBlueFactory"   :"EnsureEntity[blue_famer:blue_Factory:1]",
  "EnsureBlueArcher"    :"EnsureEntity[rblue_Factory:blue_archer:3]",
  "BlueArcherAttack"    :"Filter[AttackMelee:blue_archer]",
  "BlueArcherChase"     :"Filter[RunTowards[0.0]:blue_archer]",
  "BlueArcherUpgrade"    :"Filter[UpgradeSelf:blue_archer]",
  "BlueArcher2Attack"    :"Filter[AttackMelee:blue_archer_2]",
  "BlueArcher2Chase"     :"Filter[RunTowards[0.0]:blue_archer_2]",

  "EnsureBlueBarrack"   :"EnsureEntity[blue_famer:blue_Barrack:1]",
  "EnsureBlueSolider"   :"EnsureEntity[blue_Barrack:blue_solider:3]",
  "BlueSoliderAttack"   :"Filter[AttackMelee:blue_solider]",
  "BlueSoliderChase"    :"Filter[RunTowards[0.0]:blue_solider]",
  "BlueSoldierUpgrade"   :"Filter[UpgradeSelf:blue_solider]",
  "BlueSolider2Attack"   :"Filter[AttackMelee:blue_solider_2]",
  "BlueSolider2Chase"    :"Filter[RunTowards[0.0]:blue_solider_2]",


  "EnsureBlueCavalryCamp":"EnsureEntity[blue_famer:blue_CavalryCamp:1]",
  "EnsureBlueCavalry"   :"EnsureEntity[blue_CavalryCamp:blue_cavalry:3]",
  "BlueCavalryAttack"   :"Filter[AttackMelee:blue_cavalry]",
  "BlueCavalryChase"    :"Filter[RunTowards[0.0]:blue_cavalry]",
  "BlueCavalryUpgrade"   :"Filter[UpgradeSelf:blue_cavalry]",
  "BlueCavalry2Attack"   :"Filter[AttackMelee:blue_cavalry_2]",
  "BlueCavalry2Chase"    :"Filter[RunTowards[0.0]:blue_cavalry_2]"


}
