{
  "SaltedFishBlue":"PRA[EnsureBlueFarmer,EnsureBlueCavalryCamp,EnsureBlueFactory,EnsureBlueBarrack]",
  "SaltedFishRed":"PRA[EnsureRedFarmer,EnsureRedCavalryCamp,EnsureRedFactory,EnsureRedBarrack]",

  "SFR2":"PRA[EnsureRedFarmer,RedFarmerEvade,EnsureRedFactory,EnsureRedArcher,RedArcherAttack,RedArcherChase,EnsureRedBarrack,EnsureRedSolider,RedSoliderAttack,RedSoliderChase,EnsureRedCavalryCamp,EnsureRedCavalry,RedCavalryAttack,RedCavalryChase]",
  "SFR":"PRA[RedArcher2Attack,RedArcher2Chase,RedSolider2Attack,RedSolider2Chase,RedCavalry2Attack,RedCavalry2Chase,RedArcherUpgrade,RedCavalryUpgrade,RedSoliderUpgrade,RedFarmerEvade,RedFarmerGoToGold,RedFarmerGoToWood,EnsureRedFarmer,EnsureRedBarrack,EnsureRedSolider,RedSoliderAttack,EnsureRedFactory,EnsureRedArcher,RedArcherAttack,RedArcherChase,RedSoliderChase,EnsureRedCavalryCamp,EnsureRedCavalry,RedCavalryAttack,RedCavalryChase]",
  "SFRSoldierOnly":"PRA[RedSolider2Attack,RedSolider2Chase,RedSoliderUpgrade,RedFarmerEvade,RedFarmerGoToGold,RedFarmerGoToWood,EnsureRedFarmer,EnsureRedBarrack,EnsureRedSolider,RedSoliderAttack,RedSoliderChase]",
  "SFRCavalryOnly":"PRA[RedCavalry2Attack,RedCavalry2Chase,RedCavalryUpgrade,RedFarmerEvade,RedFarmerGoToGold,RedFarmerGoToWood,EnsureRedFarmer,EnsureRedCavalryCamp,EnsureRedCavalry,RedCavalryAttack,RedCavalryChase]",
  "SFRArcherOnly":"PRA[RedArcher2Attack,RedArcher2Chase,RedArcherUpgrade,RedFarmerEvade,RedFarmerGoToGold,RedFarmerGoToWood,EnsureRedFarmer,EnsureRedFactory,EnsureRedArcher,RedArcherAttack,RedArcherChase]",
  "SFB":"PRA[BlueArcher2Attack,BlueArcher2Chase,BlueSolider2Attack,BlueSolider2Chase,BlueCavalry2Attack,BlueCavalry2Chase,BlueSoldierUpgrade,BlueCavalryUpgrade,BlueArcherUpgrade,BlueFarmerEvade,BlueFarmerGoToGold,BlueFarmerGoToWood,EnsureBlueFarmer,EnsureBlueFactory,EnsureBlueArcher,BlueArcherAttack,BlueArcherChase,EnsureBlueBarrack,EnsureBlueSolider,BlueSoliderAttack,BlueSoliderChase,EnsureBlueCavalryCamp,EnsureBlueCavalry,BlueCavalryAttack,BlueCavalryChase]",
  "SFBSoldierOnly":"PRA[BlueSolider2Attack,BlueSolider2Chase,BlueSoliderUpgrade,BlueFarmerEvade,BlueFarmerGoToGold,BlueFarmerGoToWood,EnsureBlueFarmer,EnsureBlueBarrack,EnsureBlueSolider,BlueSoliderAttack,BlueSoliderChase]",
  "SFBCavalryOnly":"PRA[BlueCavalry2Attack,BlueCavalry2Chase,BlueCavalryUpgrade,BlueFarmerEvade,BlueFarmerGoToGold,BlueFarmerGoToWood,EnsureBlueFarmer,EnsureBlueCavalryCamp,EnsureBlueCavalry,BlueCavalryAttack,BlueCavalryChase]",
  "SFBArcherOnly":"PRA[BlueArcher2Attack,BlueArcher2Chase,BlueArcherUpgrade,BlueFarmerEvade,BlueFarmerGoToGold,BlueFarmerGoToWood,EnsureBlueFarmer,EnsureBlueFactory,EnsureBlueArcher,BlueArcherAttack,BlueArcherChase]"


}
