{
  "width": 5,
  "height": 5,
  "players": 2,
  "hexSize": 60,
  "resources": [],
  "entities": [
    {
      "type": "red_CavalryCamp",
      "location": {
        "x": 1,
        "z": 2
      },
      "owner": 1,
      "properties": {
        "health": 60
      }
    },
    {
      "type": "blue_Castle",
      "location": {
        "x": 2,
        "z": 2
      },
      "owner": 0,
      "properties": {
        "health": 10
      }
    },
    {
      "type": "blue_solider",
      "location": {
        "x": 1,
        "z": 3
      },
      "owner": 0,
      "properties": {
        "health": 5
      }
    },
    {
      "type": "red_Castle",
      "location": {
        "x": 0,
        "z": 4
      },
      "owner": 1,
      "properties": {
        "health": 10
      }
    }
  ],
  "terrain": {
    "forest": [
      {
        "x": 0,
        "z": 2
      },
      {
        "x": 1,
        "z": 1
      },
      {
        "x": 1,
        "z": 2
      },
      {
        "x": 0,
        "z": 1
      },
      {
        "x": -1,
        "z": 2
      },
      {
        "x": 0,
        "z": 3
      },
      {
        "x": -1,
        "z": 3
      },
      {
        "x": 2,
        "z": 0
      },
      {
        "x": 2,
        "z": 1
      },
      {
        "x": 1,
        "z": 0
      },
      {
        "x": 2,
        "z": 2
      },
      {
        "x": 1,
        "z": 3
      },
      {
        "x": 0,
        "z": 0
      },
      {
        "x": 0,
        "z": 4
      },
      {
        "x": -1,
        "z": 4
      },
      {
        "x": -2,
        "z": 4
      },
      {
        "x": 3,
        "z": 0
      },
      {
        "x": 3,
        "z": 1
      },
      {
        "x": 2,
        "z": 3
      },
      {
        "x": 3,
        "z": 2
      },
      {
        "x": 1,
        "z": 4
      },
      {
        "x": 4,
        "z": 0
      },
      {
        "x": 4,
        "z": 1
      },
      {
        "x": 3,
        "z": 3
      },
      {
        "x": 2,
        "z": 4
      }
    ]
  },
  "startingResources": {}
}
