{
  "random":"RandomController",
  "noop":"NoOpController",
  "Rush":"Rush[blue_town:blue_civilian:blue_knight]",
  "WorkerRush":"WorkerRush[blue_town:blue:civilian]",
  "ProRushBlue":"ProRush[blue_town:blue_civilian:blue_knightery:blue_knight]",
  "ProRushRed":"ProRush[red_town:red_civilian:red_knightery:red_knight]",
  "uct":"UCT[1000:-1:100:10:RandomBiasedAI:SqrtEvalCustom]",
  "uctr":"UCT[1000:-1:100:10:SqrtEvalCustom]",
  "duct":"duct",
  "nmcts": "nmcts",
  "ProRuleRushBlue":"PRA[EnsureBlueBase,EnsureBlueWorker,EnsureBlueKnightery,EnsureBlueKnights,BlueKnightAttack,BlueKnightChase,BlueWorkerEvade]",
  "ProRuleRushRangedBlue":"PRA[EnsureBlueBase,EnsureBlueWorker,EnsureBlueArchery,EnsureBlueArcher,BlueArcherAttack,BlueArcherChase,BlueWorkerEvade]",
  "ProRuleRushRed":"PRA[EnsureRedBase,EnsureRedWorker,EnsureRedKnightery,EnsureRedKnights,RedKnightAttack,RedKnightChase,RedWorkerEvade]",
  "RangedRush":"PRA[EnsureBase,EnsureWorker,EnsureArchery,BuildGoldMine,BuildWoodMine,EnsureEntity[abstract_civilian:farm:3],TravelToGold,TravelToWood,EnsureArcher,ArcherAttack,ArcherChase,WorkerEvade]",
  "MedievalGA":"VLMAGA[1000:10:EandM:abstract_civilian,abstract_town,abstract_knightery,abstract_archery,abstract_knight,abstract_archer:noopRule/ResourceBuilder/BuildBase/BuildMilitary,noopRule/BuildWorker,noopRule/BuildKnights,noopRule/BuildArchers,KnightAttack,ArcherAttack:noop:RangedRush]",

  "SaltedFishBlue": "PRA[EnsureBlueFarmer,EnsureBlueCavalryCamp,EnsureBlueFactory, EnsureBlueBarrack]",
  "SaltedFishRed": "PRA[EnsureRedFarmer,EnsureRedCavalryCamp,EnsureRedFactory, EnsureRedBarrack]",

  "SFR":"PRA[EnsureRedFarmer,RedFarmerEvade,EnsureRedFactory,EnsureRedArcher,RedArcherAttack,RedArcherChase,EnsureRedBarrack,EnsureRedSolider,RedSoliderAttack,RedSoliderChase,EnsureRedCavalryCamp, EnsureRedCavalry,RedCavalryAttack,RedCavalryChase]",
  "SFB":"PRA[EnsureBlueFarmer,BlueFarmerEvade,EnsureBlueFactory,EnsureBlueArcher,BlueArcherAttack,BlueArcherChase,EnsureBlueBarrack,EnsureBlueSolider,BlueSoliderAttack,BlueSoliderChase,EnsureBlueCavalryCamp, EnsureBlueCavalry,BlueCavalryAttack,BlueCavalryChase]",





}
